Workbook

Sheet Master_Matrix
A1: Variable_Name | B1: Guild_Group | C1: SAR_Correlation | D1: X16_SAR | E1: sarUC | F1: sarSR | G1: X01_habCompInd | H1: X10_Harbor_seal_CR_2yrLead | I1: X11_Harbor_seal_CR | J1: X02.krill | K1: X10_Northern_f_s_2yrLead_WS | L1: X08_commonMurre_JSOES | M1: X07_DFA_cpue_IntSprJunHW | N1: X01_NHLlogSum_win_25 | O1: X09_DFA_ChinAbundSnakeFall | P1: X03_HakeAge1 | Q1: X10_Californian_s_l_2yrLead_WS | R1: X15_spinyDogfishBSAI_predAK | S1: X04_Sablefish__JSOES | T1: X01_Red_phal_WS | U1: X13_hexagram_WAI | V1: X14_pinkSalmonAsia | W1: X08_Loons_8_WS | X1: X01_NHLlogSum_win_15 | Y1: X01_NHLlogSum_win_05 | Z1: X15_PacificCodBiomass_predAK | AA1: X06_Lmu_IntSprJunH | AB1: X13_gadid_WAI | AC1: X06_Lmu_IntSprMayW | AD1: X02_DFA_SeaNettle_ | AE1: X14_pinkSalmon | AF1: X08_Large_gulls_7_WS | AG1: X01_Red_necked_phal_WS | AH1: X15_ArrowtoothFlounderBiomass_predAK | AI1: X05_DFA_abundSardine | AJ1: X12_copepodCom_EGoA | AK1: X06_DFA_IGF_mu | AL1: X15_sablefishBiomass_predAK | AM1: X10_DFA_ssl.est.wholerange_2yrLead | AN1: X05_herring_GAM | AO1: X15_spinyDogfishGoA_predAK | AP1: X13_ammod_WAI | AQ1: X15_halibutBiomassAge8plus_2yrLead_predAK | AR1: X05_anchovy_GAM | AS1: X15_sablefishRecruitment_predAK | AT1: X11_DFA_Harbour_p_WS | AU1: X01_DFA_sumPreyOfPrey_planktonJun | AV1: X09_chilipepper | AW1: X08_DFA_DC_corm_3_WS | AX1: X06_StomFull_May | AY1: X15_sharkCatchGoA_predAK | AZ1: X04_CaliforniaMarketSquid_ | BA1: X13_DFA_WGOA_DFA_midTrophic | BB1: X14_pinkSalmonNorthAmerica | BC1: X05_herring_NCC | BD1: X04_marketsquid_GAM | BE1: X01_Cassin_s_aukl_WS | BF1: X13_pollockBiomassGoAage3plus_predAK | BG1: X01_Sabine_gull_WS | BH1: X15_salmonSharkGoA_predAK | BI1: X09_canaryRockfish | BJ1: X15_salmonSharkBSAI_predAK | BK1: X03_DFA_comMurreDietHerrSard_Yaquina_NCC | BL1: X12_copepodCom_WGoA | BM1: X10_Harbour_s_2yrLead_WS | BN1: X13_hexagram_EAI | BO1: X15_DFA_sleeperSharkBSAI_predAK | BP1: X04_PacificPompano_ | BQ1: X13_DFA_WGOA_DFA_seabirds | BR1: X12_DFA_biomassEuphShelfSum | BS1: X09_DFA_HakeAge5Plus | BT1: X12_copepodBiomass_WGoA
A2: X16_SAR | B2: SAR | C2: 1 | D2: 1 | E2: 0.94308771 | F2: 0.92010686 | G2: 0.81123825 | H2: 0.77112881 | I2: 0.62182069 | J2: 0.61674101 | K2: 0.54158758 | L2: 0.52811689 | M2: 0.5222437 | N2: 0.36600885 | O2: 0.33376448 | P2: 0.2841339 | Q2: 0.28401949 | R2: 0.27663056 | S2: 0.27543424 | T2: 0.2113566 | U2: 0.2025991 | V2: 0.19731491 | W2: 0.19113312 | X2: 0.17143545 | Y2: 0.16605579 | Z2: 0.15933359 | AA2: 0.15821103 | AB2: 0.15188713 | AC2: 0.15123756 | AD2: 0.14887263 | AE2: 0.14438998 | AF2: 0.11195379 | AG2: 0.093799719 | AH2: 0.090729657 | AI2: 0.083860035 | AJ2: 0.075018825 | AK2: 0.06084789 | AL2: 0.05992298 | AM2: 0.044225603 | AN2: -0.027739379 | AO2: -0.078632386 | AP2: -0.12236817 | AQ2: -0.13767162 | AR2: -0.15752659 | AS2: -0.16388413 | AT2: -0.1720696 | AU2: -0.17631301 | AV2: -0.17678135 | AW2: -0.17891319 | AX2: -0.1845141 | AY2: -0.18739963 | AZ2: -0.19678245 | BA2: -0.199815 | BB2: -0.2114887 | BC2: -0.21514126 | BD2: -0.24026254 | BE2: -0.24187863 | BF2: -0.24397702 | BG2: -0.271889 | BH2: -0.33553207 | BI2: -0.33875301 | BJ2: -0.36331816 | BK2: -0.37006911 | BL2: -0.37032967 | BM2: -0.42525557 | BN2: -0.44557338 | BO2: -0.44749311 | BP2: -0.48027341 | BQ2: -0.51855326 | BR2: -0.58349003 | BS2: -0.71048556 | BT2: -0.84260716
A3: sarUC | B3: SAR | C3: 0.94308771 | D3: 0.94308771 | E3: 1 | F3: 0.77198297 | G3: 0.63774856 | H3: 0.71507719 | I3: 0.59720053 | J3: 0.48282146 | K3: 0.44942842 | L3: 0.32527404 | M3: 0.38320513 | N3: 0.43880425 | O3: 0.41506578 | P3: 0.36041231 | Q3: 0.3848099 | R3: 0.24122056 | S3: 0.33691881 | T3: 0.070601434 | U3: 0.19241402 | V3: 0.23567453 | W3: -0.0067704365 | X3: 0.10928078 | Y3: 0.12120633 | Z3: 0.12844999 | AA3: 0.28600091 | AB3: 0.08823304 | AC3: 0.099848856 | AD3: -0.02452141 | AE3: 0.20638836 | AF3: -0.033434108 | AG3: 0.19141398 | AH3: -0.094320619 | AI3: -0.10982852 | AJ3: 0.18526678 | AK3: 0.24483514 | AL3: 0.098494775 | AM3: 0.20234484 | AN3: 0.066345991 | AO3: 0.032047083 | AP3: -0.26352365 | AQ3: -0.27868742 | AR3: -0.088124186 | AS3: -0.064792617 | AT3: -0.34164176 | AU3: 0.010065921 | AV3: -0.19612167 | AW3: -0.23620862 | AX3: -0.15694992 | AY3: -0.084026054 | AZ3: -0.08144076 | BA3: -0.028110208 | BB3: -0.18750942 | BC3: -0.29056084 | BD3: -0.045931476 | BE3: -0.1015895 | BF3: -0.034961207 | BG3: -0.2149332 | BH3: -0.25292823 | BI3: -0.32466476 | BJ3: -0.35567393 | BK3: -0.46011004 | BL3: -0.23385607 | BM3: -0.39283061 | BN3: -0.52925376 | BO3: -0.57579176 | BP3: -0.32334278 | BQ3: -0.47193438 | BR3: -0.37955601 | BS3: -0.53018638 | BT3: -0.74945024
A4: sarSR | B4: SAR | C4: 0.92010686 | D4: 0.92010686 | E4: 0.77198297 | F4: 1 | G4: 0.80065199 | H4: 0.6064655 | I4: 0.46752453 | J4: 0.60691526 | K4: 0.52463197 | L4: 0.64081074 | M4: 0.70200504 | N4: 0.15556365 | O4: 0.13497178 | P4: -0.0053122242 | Q4: 0.13187797 | R4: 0.28724044 | S4: 0.21368895 | T4: 0.2955266 | U4: 0.2136546 | V4: 0.033366144 | W4: 0.35119467 | X4: 0.17341945 | Y4: 0.19355822 | Z4: 0.13726166 | AA4: -0.018706535 | AB4: 0.18393246 | AC4: 0.19626597 | AD4: 0.33126165 | AE4: -0.065233978 | AF4: 0.15380393 | AG4: 0.0095335304 | AH4: 0.27368978 | AI4: 0.28173676 | AJ4: 0.0033829515 | AK4: -0.16387814 | AL4: 0.0053879654 | AM4: -0.13910804 | AN4: -0.08845631 | AO4: -0.17572575 | AP4: 0.066518412 | AQ4: 0.052614264 | AR4: -0.19119621 | AS4: -0.24104035 | AT4: 0.063254678 | AU4: -0.36216791 | AV4: -0.15011274 | AW4: -0.098829214 | AX4: -0.18486371 | AY4: -0.25397842 | AZ4: -0.26980142 | BA4: -0.34294128 | BB4: -0.20776779 | BC4: -0.030190925 | BD4: -0.40073451 | BE4: -0.36374432 | BF4: -0.41773689 | BG4: -0.30826691 | BH4: -0.39111571 | BI4: -0.35979174 | BJ4: -0.27211167 | BK4: -0.28570283 | BL4: -0.46724516 | BM4: -0.33605929 | BN4: -0.2589368 | BO4: -0.18495572 | BP4: -0.51988636 | BQ4: -0.43250926 | BR4: -0.67486553 | BS4: -0.74658799 | BT4: -0.71088537
A5: X01_habCompInd | B5: PreyNCC | C5: 0.81123825 | D5: 0.81123825 | E5: 0.63774856 | F5: 0.80065199 | G5: 1 | H5: 0.64929169 | I5: 0.50723278 | J5: 0.61111359 | K5: 0.62967756 | L5: 0.72962962 | M5: 0.55820429 | N5: 0.36204801 | O5: 0.20689998 | P5: 0.37015785 | Q5: -0.076310532 | R5: 0.41996555 | S5: -0.058346679 | T5: 0.5628884 | U5: -0.017740742 | V5: 0.013543048 | W5: 0.4187779 | X5: 0.34930617 | Y5: 0.46397362 | Z5: 0.37546695 | AA5: -0.25448479 | AB5: 0.087101995 | AC5: 0.18637185 | AD5: 0.40806048 | AE5: -0.019149037 | AF5: 0.32759691 | AG5: -0.11171888 | AH5: 0.53353375 | AI5: 0.5174425 | AJ5: -0.31712902 | AK5: -0.32594146 | AL5: -0.15615809 | AM5: -0.38028699 | AN5: -0.39340992 | AO5: -0.49243188 | AP5: 0.23873143 | AQ5: 0.31904234 | AR5: -0.40567562 | AS5: -0.47056799 | AT5: 0.24483905 | AU5: -0.55934414 | AV5: -0.23492983 | AW5: 0.016106848 | AX5: -0.2282779 | AY5: -0.57379794 | AZ5: -0.53459534 | BA5: -0.57768818 | BB5: -0.070269906 | BC5: -0.21002813 | BD5: -0.65630088 | BE5: -0.48367573 | BF5: -0.52496344 | BG5: -0.12810209 | BH5: -0.38330728 | BI5: -0.34979035 | BJ5: -0.3257275 | BK5: -0.017102687 | BL5: -0.64061306 | BM5: -0.19330255 | BN5: -0.33963577 | BO5: -0.071913959 | BP5: -0.740405 | BQ5: -0.60905881 | BR5: -0.70685882 | BS5: -0.88658667 | BT5: -0.86323176
A6: X10_Harbor_seal_CR_2yrLead | B6: PredAK | C6: 0.77112881 | D6: 0.77112881 | E6: 0.71507719 | F6: 0.6064655 | G6: 0.64929169 | H6: 1 | I6: 0.75071504 | J6: 0.47775614 | K6: 0.51516633 | L6: 0.46553991 | M6: 0.10095557 | N6: 0.54457565 | O6: 0.42176328 | P6: 0.54385891 | Q6: 0.45727959 | R6: 0.10633781 | S6: 0.20128179 | T6: 0.1770828 | U6: 0.25338106 | V6: 0.32051467 | W6: 0.024440433 | X6: 0.31270053 | Y6: -0.047369648 | Z6: 0.14961275 | AA6: 0.29403169 | AB6: 0.23120072 | AC6: -0.1327008 | AD6: -0.050844558 | AE6: 0.30923164 | AF6: 0.3317685 | AG6: 0.075537884 | AH6: -0.064372512 | AI6: -0.087103276 | AJ6: 0.1100729 | AK6: 0.19772711 | AL6: 0.018629744 | AM6: 0.23596187 | AN6: 0.052671812 | AO6: 0.07655642 | AP6: -0.29270439 | AQ6: -0.33194735 | AR6: -0.1201417 | AS6: -0.12757403 | AT6: -0.35833426 | AU6: -0.012477913 | AV6: -0.04525323 | AW6: -0.18795945 | AX6: -0.17586815 | AY6: -0.0070444449 | AZ6: -0.1802847 | BA6: -0.10353398 | BB6: -0.20024215 | BC6: -0.46553401 | BD6: -0.034937937 | BE6: -0.11876414 | BF6: -0.0013097702 | BG6: -0.19756136 | BH6: 0.0043490584 | BI6: 0.050880631 | BJ6: -0.5802405 | BK6: -0.28454425 | BL6: -0.23020789 | BM6: -0.51960458 | BN6: -0.29017469 | BO6: -0.58805773 | BP6: -0.25610424 | BQ6: -0.55272837 | BR6: -0.46108019 | BS6: -0.60948923 | BT6: -0.71462635
A7: X11_Harbor_seal_CR | B7: PredNCC | C7: 0.62182069 | D7: 0.62182069 | E7: 0.59720053 | F7: 0.46752453 | G7: 0.50723278 | H7: 0.75071504 | I7: 1 | J7: 0.17491673 | K7: 0.57385975 | L7: 0.36639523 | M7: 0.27261659 | N7: 0.63461341 | O7: 0.47102365 | P7: 0.61213864 | Q7: 0.69984985 | R7: 0.47050988 | S7: -0.18515797 | T7: 0.27325017 | U7: 0.5562921 | V7: 0.26548166 | W7: 0.32550472 | X7: 0.20140919 | Y7: -0.14416842 | Z7: 0.39985406 | AA7: 0.38641865 | AB7: -0.353452 | AC7: -0.46078481 | AD7: -0.50691784 | AE7: 0.30366641 | AF7: 0.37551094 | AG7: 0.53987401 | AH7: -0.12533087 | AI7: -0.26548084 | AJ7: -0.0029223219 | AK7: 0.46903589 | AL7: -0.38241934 | AM7: 0.39006625 | AN7: 0.40138722 | AO7: 0.19452153 | AP7: -0.58186105 | AQ7: -0.33629097 | AR7: -0.46996172 | AS7: -0.22397163 | AT7: -0.49898833 | AU7: 0.17396598 | AV7: -0.023841256 | AW7: 0.17780923 | AX7: -0.40549781 | AY7: 0.10025895 | AZ7: -0.24126359 | BA7: -0.20701233 | BB7: -0.074667452 | BC7: -0.74495814 | BD7: 0.14734225 | BE7: -0.022646302 | BF7: 0.34073739 | BG7: 0.18732018 | BH7: 0.1491565 | BI7: -0.013432298 | BJ7: -0.81267808 | BK7: -0.34097336 | BL7: -0.34238977 | BM7: -0.64855157 | BN7: -0.34798535 | BO7: -0.77819031 | BP7: 0.026255474 | BQ7: -0.82345989 | BR7: -0.0042199833 | BS7: -0.63160128 | BT7: -0.60763883
A8: X02.krill | B8: PreyNCC | C8: 0.61674101 | D8: 0.61674101 | E8: 0.48282146 | F8: 0.60691526 | G8: 0.61111359 | H8: 0.47775614 | I8: 0.17491673 | J8: 1 | K8: 0.24341894 | L8: 0.17820236 | M8: 0.2563173 | N8: 0.13454387 | O8: 0.38770408 | P8: 0.087598694 | Q8: 0.015397536 | R8: -0.080669456 | S8: 0.5795961 | T8: 0.12330039 | U8: 0.031093021 | V8: 0.24156365 | W8: 0.10192784 | X8: 0.070083588 | Y8: 0.22308743 | Z8: -0.077193206 | AA8: 0.21104625 | AB8: 0.54725599 | AC8: 0.64963341 | AD8: 0.47062077 | AE8: 0.27699528 | AF8: -0.22220202 | AG8: -0.35168855 | AH8: -0.024724147 | AI8: 0.040989355 | AJ8: 0.24742347 | AK8: -0.015350734 | AL8: 0.51878906 | AM8: 0.078964755 | AN8: -0.19467259 | AO8: -0.048209059 | AP8: 0.048642827 | AQ8: -0.10816829 | AR8: 0.30545226 | AS8: 0.083007008 | AT8: -0.1395968 | AU8: -0.021195147 | AV8: -0.10170017 | AW8: -0.40133197 | AX8: -0.31096177 | AY8: -0.11723076 | AZ8: 0.1324648 | BA8: 0.043826574 | BB8: -0.066622271 | BC8: 0.29463642 | BD8: -0.1723966 | BE8: 0.079271251 | BF8: -0.59998609 | BG8: -0.44901902 | BH8: -0.47894931 | BI8: -0.25384749 | BJ8: 0.16127138 | BK8: 0.041956195 | BL8: 0.032578901 | BM8: -0.25294951 | BN8: -0.36550567 | BO8: -0.13716474 | BP8: -0.72557093 | BQ8: 0.0035460504 | BR8: -0.63720984 | BS8: -0.32366306 | BT8: -0.74701669
A9: X10_Northern_f_s_2yrLead_WS | B9: PredAK | C9: 0.54158758 | D9: 0.54158758 | E9: 0.44942842 | F9: 0.52463197 | G9: 0.62967756 | H9: 0.51516633 | I9: 0.57385975 | J9: 0.24341894 | K9: 1 | L9: 0.59286934 | M9: 0.49942782 | N9: 0.50539646 | O9: 0.072578225 | P9: 0.3933961 | Q9: 0.30207678 | R9: 0.37951788 | S9: -0.35688818 | T9: 0.39193202 | U9: 0.26842556 | V9: 0.10576588 | W9: 0.46866588 | X9: 0.52566873 | Y9: 0.1474251 | Z9: 0.25621509 | AA9: -0.16845319 | AB9: -0.1404422 | AC9: -0.078455209 | AD9: -0.11309936 | AE9: 0.083041236 | AF9: 0.39428376 | AG9: 0.1784283 | AH9: 0.24159175 | AI9: 0.1938364 | AJ9: -0.048523753 | AK9: 0.019569657 | AL9: -0.32091432 | AM9: -0.093354728 | AN9: 0.1491279 | AO9: -0.11519807 | AP9: -0.14002091 | AQ9: 0.049503853 | AR9: -0.42280373 | AS9: -0.35346288 | AT9: -0.0017681464 | AU9: -0.27888385 | AV9: 0.078853108 | AW9: 0.023698896 | AX9: -0.3608278 | AY9: -0.16993216 | AZ9: -0.56113697 | BA9: -0.41674561 | BB9: -0.1025338 | BC9: -0.50251976 | BD9: -0.26046801 | BE9: -0.33980952 | BF9: -0.081095296 | BG9: 0.081559983 | BH9: -0.19258595 | BI9: -0.34664921 | BJ9: -0.51253593 | BK9: -0.33472308 | BL9: -0.48521292 | BM9: -0.31768143 | BN9: 0.094749733 | BO9: -0.24669206 | BP9: -0.16215664 | BQ9: -0.62201977 | BR9: -0.33520033 | BS9: -0.72127645 | BT9: -0.45565187
A10: X08_commonMurre_JSOES | B10: PredNCC | C10: 0.52811689 | D10: 0.52811689 | E10: 0.32527404 | F10: 0.64081074 | G10: 0.72962962 | H10: 0.46553991 | I10: 0.36639523 | J10: 0.17820236 | K10: 0.59286934 | L10: 1 | M10: 0.68756462 | N10: 0.047483394 | O10: -0.20381823 | P10: 0.096217681 | Q10: -0.18463099 | R10: 0.30277326 | S10: -0.36572767 | T10: 0.3766395 | U10: 0.062617164 | V10: -0.13632098 | W10: 0.5192452 | X10: 0.40364345 | Y10: 0.10655015 | Z10: 0.24696333 | AA10: -0.41744603 | AB10: -0.077008309 | AC10: -0.16709882 | AD10: 0.34051423 | AE10: -0.28086897 | AF10: 0.64255137 | AG10: -0.035028041 | AH10: 0.62723313 | AI10: 0.61073534 | AJ10: -0.58305213 | AK10: -0.52227596 | AL10: -0.36894696 | AM10: -0.52107524 | AN10: -0.28405852 | AO10: -0.42756632 | AP10: 0.28163979 | AQ10: 0.36398103 | AR10: -0.49303337 | AS10: -0.47235649 | AT10: 0.44097782 | AU10: -0.67946291 | AV10: 0.00045592183 | AW10: 0.10091302 | AX10: 0.076776029 | AY10: -0.44585557 | AZ10: -0.5671184 | BA10: -0.63286326 | BB10: -0.20137254 | BC10: -0.12506726 | BD10: -0.64675306 | BE10: -0.78811163 | BF10: -0.38096408 | BG10: -0.2373446 | BH10: -0.077242708 | BI10: -0.035332562 | BJ10: -0.41264465 | BK10: -0.16095183 | BL10: -0.67021852 | BM10: -0.16568766 | BN10: 0.10526693 | BO10: 0.099155557 | BP10: -0.39459738 | BQ10: -0.47236388 | BR10: -0.64160397 | BS10: -0.86117467 | BT10: -0.46598103
A11: X07_DFA_cpue_IntSprJunHW | B11: Abundance | C11: 0.5222437 | D11: 0.5222437 | E11: 0.38320513 | F11: 0.70200504 | G11: 0.55820429 | H11: 0.10095557 | I11: 0.27261659 | J11: 0.2563173 | K11: 0.49942782 | L11: 0.68756462 | M11: 1 | N11: 0.043143696 | O11: -0.016771558 | P11: -0.11914094 | Q11: -0.0092879646 | R11: 0.43287328 | S11: -0.2223435 | T11: 0.33314067 | U11: 0.25905127 | V11: -0.28160396 | W11: 0.63734549 | X11: 0.28804584 | Y11: 0.14910298 | Z11: 0.28817741 | AA11: -0.18718785 | AB11: -0.19353841 | AC11: 0.035113701 | AD11: 0.25181401 | AE11: -0.35721517 | AF11: 0.26976201 | AG11: 0.21984708 | AH11: 0.43813376 | AI11: 0.37762901 | AJ11: -0.32904147 | AK11: -0.29850057 | AL11: -0.30167215 | AM11: -0.28595795 | AN11: -0.052119485 | AO11: -0.32782479 | AP11: 0.12536047 | AQ11: 0.30998124 | AR11: -0.4182657 | AS11: -0.41189571 | AT11: 0.26130976 | AU11: -0.41136418 | AV11: -0.19278573 | AW11: 0.10092968 | AX11: -0.30646402 | AY11: -0.36217051 | AZ11: -0.42344807 | BA11: -0.50560941 | BB11: 0.011843972 | BC11: 0.0085014346 | BD11: -0.42646041 | BE11: -0.47953167 | BF11: -0.27310464 | BG11: -0.09578863 | BH11: -0.1301534 | BI11: -0.26119782 | BJ11: -0.23414069 | BK11: -0.27532518 | BL11: -0.56958331 | BM11: -0.091369906 | BN11: -0.12795258 | BO11: 0.057417995 | BP11: -0.32306392 | BQ11: -0.36208781 | BR11: -0.3505224 | BS11: -0.66312791 | BT11: -0.37849691
A12: X01_NHLlogSum_win_25 | B12: PreyNCC | C12: 0.36600885 | D12: 0.36600885 | E12: 0.43880425 | F12: 0.15556365 | G12: 0.36204801 | H12: 0.54457565 | I12: 0.63461341 | J12: 0.13454387 | K12: 0.50539646 | L12: 0.047483394 | M12: 0.043143696 | N12: 1 | O12: 0.74680761 | P12: 0.74862851 | Q12: 0.58657086 | R12: 0.46774694 | S12: -0.12670389 | T12: 0.4659988 | U12: 0.28501773 | V12: -0.088391885 | W12: -0.015517602 | X12: 0.52692978 | Y12: 0.32955666 | Z12: 0.62903009 | AA12: 0.26002737 | AB12: -0.20593457 | AC12: -0.22154087 | AD12: -0.36769106 | AE12: 0.087252254 | AF12: 0.19794164 | AG12: 0.41402869 | AH12: -0.034461888 | AI12: -0.21700247 | AJ12: 0.072094222 | AK12: 0.36057791 | AL12: -0.3561821 | AM12: 0.34762683 | AN12: 0.084590899 | AO12: -0.15409692 | AP12: -0.43465147 | AQ12: -0.078271687 | AR12: -0.43459988 | AS12: -0.4503163 | AT12: -0.47319188 | AU12: 0.14488378 | AV12: -0.39130036 | AW12: 0.21824905 | AX12: -0.65493994 | AY12: -0.22142123 | AZ12: -0.44491475 | BA12: -0.26191391 | BB12: 0.38624665 | BC12: -0.78989396 | BD12: 0.10072904 | BE12: 0.23005984 | BF12: 0.37852974 | BG12: 0.52743193 | BH12: 0.32967418 | BI12: -0.041576116 | BJ12: -0.58864201 | BK12: -0.15870853 | BL12: -0.33427004 | BM12: -0.08061529 | BN12: -0.53657999 | BO12: -0.49746055 | BP12: -0.049598609 | BQ12: -0.68404375 | BR12: 0.23630366 | BS12: -0.38776198 | BT12: -0.38392965
A13: X09_DFA_ChinAbundSnakeFall | B13: PredNCC | C13: 0.33376448 | D13: 0.33376448 | E13: 0.41506578 | F13: 0.13497178 | G13: 0.20689998 | H13: 0.42176328 | I13: 0.47102365 | J13: 0.38770408 | K13: 0.072578225 | L13: -0.20381823 | M13: -0.016771558 | N13: 0.74680761 | O13: 1 | P13: 0.4835466 | Q13: 0.55259138 | R13: 0.35403384 | S13: 0.2126455 | T13: 0.22131636 | U13: 0.42188896 | V13: -0.076176941 | W13: -0.14750292 | X13: 0.19862304 | Y13: 0.17309255 | Z13: 0.53315345 | AA13: 0.58672702 | AB13: -0.052130438 | AC13: -0.061174463 | AD13: -0.23486392 | AE13: 0.1146028 | AF13: -0.12488012 | AG13: 0.33712065 | AH13: -0.26347421 | AI13: -0.42954083 | AJ13: 0.14455655 | AK13: 0.46554284 | AL13: -0.040777737 | AM13: 0.60248003 | AN13: 0.049119875 | AO13: -0.0050426765 | AP13: -0.46256034 | AQ13: -0.24500892 | AR13: -0.12457971 | AS13: -0.21756114 | AT13: -0.63906724 | AU13: 0.41448919 | AV13: -0.49934095 | AW13: 0.10970153 | AX13: -0.63664354 | AY13: -0.079365375 | AZ13: -0.019762953 | BA13: -0.00037618498 | BB13: 0.40847977 | BC13: -0.44352421 | BD13: 0.28428604 | BE13: 0.52575961 | BF13: 0.28310854 | BG13: 0.26071039 | BH13: 0.33868463 | BI13: 0.045591445 | BJ13: -0.37591684 | BK13: -0.18381619 | BL13: -0.099444591 | BM13: -0.1389213 | BN13: -0.83219148 | BO13: -0.55613013 | BP13: -0.18670284 | BQ13: -0.39949983 | BR13: 0.27202354 | BS13: -0.13249891 | BT13: -0.4548626
... A70: X12_copepodBiomass_WGoA | B70: PreyAK | C70: -0.84260716 | D70: -0.84260716 | E70: -0.74945024 | F70: -0.71088537 | G70: -0.86323176 | H70: -0.71462635 | I70: -0.60763883 | J70: -0.74701669 | K70: -0.45565187 | L70: -0.46598103 | M70: -0.37849691 | N70: -0.38392965 | O70: -0.4548626 | P70: -0.47439657 | Q70: -0.16849903 | R70: -0.25888263 | S70: -0.21694727 | T70: -0.32286999 | U70: -0.067293775 | V70: -0.30005362 | W70: -0.23487711 | X70: -0.069987509 | Y70: -0.27360594 | Z70: -0.22173698 | AA70: -0.16659783 | AB70: -0.13511607 | AC70: -0.19578496 | AD70: -0.20291945 | AE70: -0.31012711 | AF70: -0.073849705 | AG70: 0.074926731 | AH70: -0.11388749 | AI70: -0.1079646 | AJ70: 0.10252038 | AK70: -0.067152719 | AL70: -0.11810635 | AM70: -0.018712477 | AN70: 0.18186485 | AO70: 0.16018568 | AP70: 0.10173932 | AQ70: 0.077558243 | AR70: 0.12900247 | AS70: 0.13564305 | AT70: 0.14085239 | AU70: 0.13447072 | AV70: 0.15526343 | AW70: 0.16292112 | AX70: 0.20998702 | AY70: 0.27523161 | AZ70: 0.12445545 | BA70: 0.19780385 | BB70: 0.14786607 | BC70: 0.18329541 | BD70: 0.28897223 | BE70: 0.12197524 | BF70: 0.38272719 | BG70: 0.21564143 | BH70: 0.39905624 | BI70: 0.25130846 | BJ70: 0.31920956 | BK70: 0.16119427 | BL70: 0.3115566 | BM70: 0.43812439 | BN70: 0.55078512 | BO70: 0.42095659 | BP70: 0.68416554 | BQ70: 0.51855281 | BR70: 0.57097962 | BS70: 0.66675348 | BT70: 1

Sheet Sheet4
A1: Variable_Name | B1: Guild_Group | C1: SAR_Correlation | D1: X16_SAR | E1: sarUC | F1: sarSR | G1: X07_DFA_cpue_IntSprJunHW | H1: X06_Lmu_IntSprJunH | I1: X06_Lmu_IntSprMayW | J1: X02_DFA_SeaNettle_ | K1: X06_DFA_IGF_mu | L1: X06_StomFull_May | M1: X03_DFA_comMurreDietHerrSard_Yaquina_NCC
A2: X06_Lmu_IntSprJunH | B2: Growth | C2: 0.15821103 | D2: 0.15821103 | E2: 0.28600091 | F2: -0.018706535 | G2: -0.18718785 | H2: 1 | I2: -0.076902885 | J2: -0.53477589 | K2: 0.85841017 | L2: -0.22166539 | M2: -0.45051895
A3: X10_DFA_ssl.est.wholerange_2yrLead | B3: PredAK | C3: 0.044225603 | D3: 0.044225603 | E3: 0.20234484 | F3: -0.13910804 | G3: -0.28595795 | H3: 0.91829314 | I3: -0.21794015 | J3: -0.67841916 | K3: 0.90453346 | L3: -0.31890493 | M3: -0.41784531
A4: X01_DFA_sumPreyOfPrey_planktonJun | B4: PreyNCC | C4: -0.17631301 | D4: -0.17631301 | E4: 0.010065921 | F4: -0.36216791 | G4: -0.41136418 | H4: 0.90428872 | I4: -0.073139399 | J4: -0.68037847 | K4: 0.91182686 | L4: -0.1444465 | M4: -0.32951065
A5: X06_DFA_IGF_mu | B5: Growth | C5: 0.06084789 | D5: 0.06084789 | E5: 0.24483514 | F5: -0.16387814 | G5: -0.29850057 | H5: 0.85841017 | I5: -0.22447299 | J5: -0.8100243 | K5: 1 | L5: -0.22521323 | M5: -0.4327179
A6: X04_marketsquid_GAM | B6: PreyNCC | C6: -0.24026254 | D6: -0.24026254 | E6: -0.045931476 | F6: -0.40073451 | G6: -0.42646041 | H6: 0.84077233 | I6: -0.16514995 | J6: -0.73971774 | K6: 0.8808971 | L6: -0.064507672 | M6: -0.38927778
A7: X10_Californian_s_l_2yrLead_WS | B7: PredAK | C7: 0.28401949 | D7: 0.28401949 | E7: 0.3848099 | F7: 0.13187797 | G7: -0.0092879646 | H7: 0.75161396 | I7: -0.41407543 | J7: -0.72870094 | K7: 0.83596526 | L7: -0.43864836 | M7: -0.56769505
A8: X15_spinyDogfishGoA_predAK | B8: PredAK | C8: -0.078632386 | D8: -0.078632386 | E8: 0.032047083 | F8: -0.17572575 | G8: -0.32782479 | H8: 0.73183053 | I8: -0.1192545 | J8: -0.62053017 | K8: 0.78621366 | L8: 0.14481881 | M8: -0.36649163
A9: X01_Cassin_s_aukl_WS | B9: PreyNCC | C9: -0.24187863 | D9: -0.24187863 | E9: -0.1015895 | F9: -0.36374432 | G9: -0.47953167 | H9: 0.69278705 | I9: 0.0077767447 | J9: -0.39692511 | K9: 0.7079218 | L9: -0.28343067 | M9: -0.074052043
A10: X13_DFA_WGOA_DFA_midTrophic | B10: PreyAK | C10: -0.199815 | D10: -0.199815 | E10: -0.028110208 | F10: -0.34294128 | G10: -0.50560941 | H10: 0.68722237 | I10: 0.23946302 | J10: -0.31102841 | K10: 0.64407297 | L10: 0.30304021 | M10: -0.29770178
A11: X15_sharkCatchGoA_predAK | B11: PredAK | C11: -0.18739963 | D11: -0.18739963 | E11: -0.084026054 | F11: -0.25397842 | G11: -0.36217051 | H11: 0.67774173 | I11: -0.1289793 | J11: -0.59554464 | K11: 0.72432105 | L11: 0.17671578 | M11: -0.29998683
A12: X05_herring_GAM | B12: PreyNCC | C12: -0.027739379 | D12: -0.027739379 | E12: 0.066345991 | F12: -0.08845631 | G12: -0.052119485 | H12: 0.64214983 | I12: -0.28814225 | J12: -0.80438751 | K12: 0.78715814 | L12: -0.15669078 | M12: -0.4004843
A13: X04_CaliforniaMarketSquid_ | B13: PreyNCC | C13: -0.19678245 | D13: -0.19678245 | E13: -0.08144076 | F13: -0.26980142 | G13: -0.42344807 | H13: 0.60973807 | I13: 0.19982236 | J13: -0.19586387 | K13: 0.53029311 | L13: 0.33708522 | M13: -0.087592586
... A70: X05_DFA_abundSardine | B70: PreyNCC | C70: 0.083860035 | D70: 0.083860035 | E70: -0.10982852 | F70: 0.28173676 | G70: 0.37762901 | H70: -0.90127749 | I70: 0.14240104 | J70: 0.74138889 | K70: -0.93105173 | L70: 0.14412168 | M70: 0.39510927

Sheet Sheet3
A1: Variable_Name | B1: Guild_Group | C1: SAR_Correlation | D1: abs®
A2: X16_SAR | B2: SAR | C2: 1 | D2: =ABS(C2) -> 1
A3: sarUC | B3: SAR | C3: 0.94308771 | D3: =ABS(C3) -> 0.94308771
A4: sarSR | B4: SAR | C4: 0.92010686 | D4: =ABS(C4) -> 0.92010686
A5: X12_copepodBiomass_WGoA | B5: PreyAK | C5: -0.84260716 | D5: =ABS(C5) -> 0.84260716
A6: X01_habCompInd | B6: PreyNCC | C6: 0.81123825 | D6: =ABS(C6) -> 0.81123825
A7: X10_Harbor_seal_CR_2yrLead | B7: PredAK | C7: 0.77112881 | D7: =ABS(C7) -> 0.77112881
A8: X09_DFA_HakeAge5Plus | B8: PredNCC | C8: -0.71048556 | D8: =ABS(C8) -> 0.71048556
A9: X11_Harbor_seal_CR | B9: PredNCC | C9: 0.62182069 | D9: =ABS(C9) -> 0.62182069
A10: X02.krill | B10: PreyNCC | C10: 0.61674101 | D10: =ABS(C10) -> 0.61674101
A11: X12_DFA_biomassEuphShelfSum | B11: PreyAK | C11: -0.58349003 | D11: =ABS(C11) -> 0.58349003
A12: X10_Northern_f_s_2yrLead_WS | B12: PredAK | C12: 0.54158758 | D12: =ABS(C12) -> 0.54158758
A13: X08_commonMurre_JSOES | B13: PredNCC | C13: 0.52811689 | D13: =ABS(C13) -> 0.52811689
... A70: X05_herring_GAM | B70: PreyNCC | C70: -0.027739379 | D70: =ABS(C70) -> 0.027739379

Sheet Sheet1
A1: Variable_Name | B1: Guild_Group | C1: =Master_Matrix!C1 -> SAR_Correlation | D1: =Master_Matrix!D1 -> X16_SAR | E1: =Master_Matrix!E1 -> sarUC | F1: =Master_Matrix!F1 -> sarSR | G1: =Master_Matrix!G1 -> X01_habCompInd | H1: =Master_Matrix!H1 -> X10_Harbor_seal_CR_2yrLead | I1: =Master_Matrix!I1 -> X11_Harbor_seal_CR | J1: =Master_Matrix!J1 -> X02.krill | ... BT1: =Master_Matrix!BT1 -> X12_copepodBiomass_WGoA
A2: X16_SAR | B2: SAR | C2: =ABS(Master_Matrix!C2) -> 1 | D2: =ABS(Master_Matrix!D2) -> 1 | E2: =ABS(Master_Matrix!E2) -> 0.94308771 | F2: =ABS(Master_Matrix!F2) -> 0.92010686 | G2: =ABS(Master_Matrix!G2) -> 0.81123825 | H2: =ABS(Master_Matrix!H2) -> 0.77112881 | I2: =ABS(Master_Matrix!I2) -> 0.62182069 | J2: =ABS(Master_Matrix!J2) -> 0.61674101 | ... BT2: =ABS(Master_Matrix!BT2) -> 0.84260716
A3: sarUC | B3: SAR | C3: =ABS(Master_Matrix!C3) -> 0.94308771 | D3: =ABS(Master_Matrix!D3) -> 0.94308771 | E3: =ABS(Master_Matrix!E3) -> 1 | F3: =ABS(Master_Matrix!F3) -> 0.77198297 | G3: =ABS(Master_Matrix!G3) -> 0.63774856 | H3: =ABS(Master_Matrix!H3) -> 0.71507719 | I3: =ABS(Master_Matrix!I3) -> 0.59720053 | J3: =ABS(Master_Matrix!J3) -> 0.48282146 | ... BT3: =ABS(Master_Matrix!BT3) -> 0.74945024
A4: sarSR | B4: SAR | C4: =ABS(Master_Matrix!C4) -> 0.92010686 | D4: =ABS(Master_Matrix!D4) -> 0.92010686 | E4: =ABS(Master_Matrix!E4) -> 0.77198297 | F4: =ABS(Master_Matrix!F4) -> 1 | G4: =ABS(Master_Matrix!G4) -> 0.80065199 | H4: =ABS(Master_Matrix!H4) -> 0.6064655 | I4: =ABS(Master_Matrix!I4) -> 0.46752453 | J4: =ABS(Master_Matrix!J4) -> 0.60691526 | ... BT4: =ABS(Master_Matrix!BT4) -> 0.71088537
A5: X01_habCompInd | B5: PreyNCC | C5: =ABS(Master_Matrix!C5) -> 0.81123825 | D5: =ABS(Master_Matrix!D5) -> 0.81123825 | E5: =ABS(Master_Matrix!E5) -> 0.63774856 | F5: =ABS(Master_Matrix!F5) -> 0.80065199 | G5: =ABS(Master_Matrix!G5) -> 1 | H5: =ABS(Master_Matrix!H5) -> 0.64929169 | I5: =ABS(Master_Matrix!I5) -> 0.50723278 | J5: =ABS(Master_Matrix!J5) -> 0.61111359 | ... BT5: =ABS(Master_Matrix!BT5) -> 0.86323176
A6: X10_Harbor_seal_CR_2yrLead | B6: PredAK | C6: =ABS(Master_Matrix!C6) -> 0.77112881 | D6: =ABS(Master_Matrix!D6) -> 0.77112881 | E6: =ABS(Master_Matrix!E6) -> 0.71507719 | F6: =ABS(Master_Matrix!F6) -> 0.6064655 | G6: =ABS(Master_Matrix!G6) -> 0.64929169 | H6: =ABS(Master_Matrix!H6) -> 1 | I6: =ABS(Master_Matrix!I6) -> 0.75071504 | J6: =ABS(Master_Matrix!J6) -> 0.47775614 | ... BT6: =ABS(Master_Matrix!BT6) -> 0.71462635
A7: X11_Harbor_seal_CR | B7: PredNCC | C7: =ABS(Master_Matrix!C7) -> 0.62182069 | D7: =ABS(Master_Matrix!D7) -> 0.62182069 | E7: =ABS(Master_Matrix!E7) -> 0.59720053 | F7: =ABS(Master_Matrix!F7) -> 0.46752453 | G7: =ABS(Master_Matrix!G7) -> 0.50723278 | H7: =ABS(Master_Matrix!H7) -> 0.75071504 | I7: =ABS(Master_Matrix!I7) -> 1 | J7: =ABS(Master_Matrix!J7) -> 0.17491673 | ... BT7: =ABS(Master_Matrix!BT7) -> 0.60763883
A8: X02.krill | B8: PreyNCC | C8: =ABS(Master_Matrix!C8) -> 0.61674101 | D8: =ABS(Master_Matrix!D8) -> 0.61674101 | E8: =ABS(Master_Matrix!E8) -> 0.48282146 | F8: =ABS(Master_Matrix!F8) -> 0.60691526 | G8: =ABS(Master_Matrix!G8) -> 0.61111359 | H8: =ABS(Master_Matrix!H8) -> 0.47775614 | I8: =ABS(Master_Matrix!I8) -> 0.17491673 | J8: =ABS(Master_Matrix!J8) -> 1 | ... BT8: =ABS(Master_Matrix!BT8) -> 0.74701669
A9: X10_Northern_f_s_2yrLead_WS | B9: PredAK | C9: =ABS(Master_Matrix!C9) -> 0.54158758 | D9: =ABS(Master_Matrix!D9) -> 0.54158758 | E9: =ABS(Master_Matrix!E9) -> 0.44942842 | F9: =ABS(Master_Matrix!F9) -> 0.52463197 | G9: =ABS(Master_Matrix!G9) -> 0.62967756 | H9: =ABS(Master_Matrix!H9) -> 0.51516633 | I9: =ABS(Master_Matrix!I9) -> 0.57385975 | J9: =ABS(Master_Matrix!J9) -> 0.24341894 | ... BT9: =ABS(Master_Matrix!BT9) -> 0.45565187
A10: X08_commonMurre_JSOES | B10: PredNCC | C10: =ABS(Master_Matrix!C10) -> 0.52811689 | D10: =ABS(Master_Matrix!D10) -> 0.52811689 | E10: =ABS(Master_Matrix!E10) -> 0.32527404 | F10: =ABS(Master_Matrix!F10) -> 0.64081074 | G10: =ABS(Master_Matrix!G10) -> 0.72962962 | H10: =ABS(Master_Matrix!H10) -> 0.46553991 | I10: =ABS(Master_Matrix!I10) -> 0.36639523 | J10: =ABS(Master_Matrix!J10) -> 0.17820236 | ... BT10: =ABS(Master_Matrix!BT10) -> 0.46598103
A11: X07_DFA_cpue_IntSprJunHW | B11: Abundance | C11: =ABS(Master_Matrix!C11) -> 0.5222437 | D11: =ABS(Master_Matrix!D11) -> 0.5222437 | E11: =ABS(Master_Matrix!E11) -> 0.38320513 | F11: =ABS(Master_Matrix!F11) -> 0.70200504 | G11: =ABS(Master_Matrix!G11) -> 0.55820429 | H11: =ABS(Master_Matrix!H11) -> 0.10095557 | I11: =ABS(Master_Matrix!I11) -> 0.27261659 | J11: =ABS(Master_Matrix!J11) -> 0.2563173 | ... BT11: =ABS(Master_Matrix!BT11) -> 0.37849691
A12: X01_NHLlogSum_win_25 | B12: PreyNCC | C12: =ABS(Master_Matrix!C12) -> 0.36600885 | D12: =ABS(Master_Matrix!D12) -> 0.36600885 | E12: =ABS(Master_Matrix!E12) -> 0.43880425 | F12: =ABS(Master_Matrix!F12) -> 0.15556365 | G12: =ABS(Master_Matrix!G12) -> 0.36204801 | H12: =ABS(Master_Matrix!H12) -> 0.54457565 | I12: =ABS(Master_Matrix!I12) -> 0.63461341 | J12: =ABS(Master_Matrix!J12) -> 0.13454387 | ... BT12: =ABS(Master_Matrix!BT12) -> 0.38392965
A13: X09_DFA_ChinAbundSnakeFall | B13: PredNCC | C13: =ABS(Master_Matrix!C13) -> 0.33376448 | D13: =ABS(Master_Matrix!D13) -> 0.33376448 | E13: =ABS(Master_Matrix!E13) -> 0.41506578 | F13: =ABS(Master_Matrix!F13) -> 0.13497178 | G13: =ABS(Master_Matrix!G13) -> 0.20689998 | H13: =ABS(Master_Matrix!H13) -> 0.42176328 | I13: =ABS(Master_Matrix!I13) -> 0.47102365 | J13: =ABS(Master_Matrix!J13) -> 0.38770408 | ... BT13: =ABS(Master_Matrix!BT13) -> 0.4548626
... A70: X12_copepodBiomass_WGoA | B70: PreyAK | C70: =ABS(Master_Matrix!C70) -> 0.84260716 | D70: =ABS(Master_Matrix!D70) -> 0.84260716 | E70: =ABS(Master_Matrix!E70) -> 0.74945024 | F70: =ABS(Master_Matrix!F70) -> 0.71088537 | G70: =ABS(Master_Matrix!G70) -> 0.86323176 | H70: =ABS(Master_Matrix!H70) -> 0.71462635 | I70: =ABS(Master_Matrix!I70) -> 0.60763883 | J70: =ABS(Master_Matrix!J70) -> 0.74701669 | ... BT70: =ABS(Master_Matrix!BT70) -> 1

Sheet absvalue
A1: Variable_Name | B1: Guild_Group | C1: SAR_Correlation | D1: X16_SAR | E1: sarUC | F1: sarSR | G1: X01_habCompInd | H1: X10_Harbor_seal_CR_2yrLead | I1: X11_Harbor_seal_CR | J1: X02.krill | K1: X10_Northern_f_s_2yrLead_WS | L1: X08_commonMurre_JSOES | M1: X07_DFA_cpue_IntSprJunHW | N1: X01_NHLlogSum_win_25 | O1: X09_DFA_ChinAbundSnakeFall | P1: X03_HakeAge1 | Q1: X10_Californian_s_l_2yrLead_WS | R1: X15_spinyDogfishBSAI_predAK | S1: X04_Sablefish__JSOES | T1: X01_Red_phal_WS | U1: X13_hexagram_WAI | V1: X14_pinkSalmonAsia | W1: X08_Loons_8_WS | X1: X01_NHLlogSum_win_15 | Y1: X01_NHLlogSum_win_05 | Z1: X15_PacificCodBiomass_predAK | AA1: X06_Lmu_IntSprJunH | AB1: X13_gadid_WAI | AC1: X06_Lmu_IntSprMayW | AD1: X02_DFA_SeaNettle_ | AE1: X14_pinkSalmon | AF1: X08_Large_gulls_7_WS | AG1: X01_Red_necked_phal_WS | AH1: X15_ArrowtoothFlounderBiomass_predAK | AI1: X05_DFA_abundSardine | AJ1: X12_copepodCom_EGoA | AK1: X06_DFA_IGF_mu | AL1: X15_sablefishBiomass_predAK | AM1: X10_DFA_ssl.est.wholerange_2yrLead | AN1: X05_herring_GAM | AO1: X15_spinyDogfishGoA_predAK | AP1: X13_ammod_WAI | AQ1: X15_halibutBiomassAge8plus_2yrLead_predAK | AR1: X05_anchovy_GAM | AS1: X15_sablefishRecruitment_predAK | AT1: X11_DFA_Harbour_p_WS | AU1: X01_DFA_sumPreyOfPrey_planktonJun | AV1: X09_chilipepper | AW1: X08_DFA_DC_corm_3_WS | AX1: X06_StomFull_May | AY1: X15_sharkCatchGoA_predAK | AZ1: X04_CaliforniaMarketSquid_ | BA1: X13_DFA_WGOA_DFA_midTrophic | BB1: X14_pinkSalmonNorthAmerica | BC1: X05_herring_NCC | BD1: X04_marketsquid_GAM | BE1: X01_Cassin_s_aukl_WS | BF1: X13_pollockBiomassGoAage3plus_predAK | BG1: X01_Sabine_gull_WS | BH1: X15_salmonSharkGoA_predAK | BI1: X09_canaryRockfish | BJ1: X15_salmonSharkBSAI_predAK | BK1: X03_DFA_comMurreDietHerrSard_Yaquina_NCC | BL1: X12_copepodCom_WGoA | BM1: X10_Harbour_s_2yrLead_WS | BN1: X13_hexagram_EAI | BO1: X15_DFA_sleeperSharkBSAI_predAK | BP1: X04_PacificPompano_ | BQ1: X13_DFA_WGOA_DFA_seabirds | BR1: X12_DFA_biomassEuphShelfSum | BS1: X09_DFA_HakeAge5Plus | BT1: X12_copepodBiomass_WGoA
A2: X16_SAR | B2: SAR | C2: 1 | D2: 1 | E2: 0.94308771 | F2: 0.92010686 | G2: 0.81123825 | H2: 0.77112881 | I2: 0.62182069 | J2: 0.61674101 | K2: 0.54158758 | L2: 0.52811689 | M2: 0.5222437 | N2: 0.36600885 | O2: 0.33376448 | P2: 0.2841339 | Q2: 0.28401949 | R2: 0.27663056 | S2: 0.27543424 | T2: 0.2113566 | U2: 0.2025991 | V2: 0.19731491 | W2: 0.19113312 | X2: 0.17143545 | Y2: 0.16605579 | Z2: 0.15933359 | AA2: 0.15821103 | AB2: 0.15188713 | AC2: 0.15123756 | AD2: 0.14887263 | AE2: 0.14438998 | AF2: 0.11195379 | AG2: 0.093799719 | AH2: 0.090729657 | AI2: 0.083860035 | AJ2: 0.075018825 | AK2: 0.06084789 | AL2: 0.05992298 | AM2: 0.044225603 | AN2: 0.027739379 | AO2: 0.078632386 | AP2: 0.12236817 | AQ2: 0.13767162 | AR2: 0.15752659 | AS2: 0.16388413 | AT2: 0.1720696 | AU2: 0.17631301 | AV2: 0.17678135 | AW2: 0.17891319 | AX2: 0.1845141 | AY2: 0.18739963 | AZ2: 0.19678245 | BA2: 0.199815 | BB2: 0.2114887 | BC2: 0.21514126 | BD2: 0.24026254 | BE2: 0.24187863 | BF2: 0.24397702 | BG2: 0.271889 | BH2: 0.33553207 | BI2: 0.33875301 | BJ2: 0.36331816 | BK2: 0.37006911 | BL2: 0.37032967 | BM2: 0.42525557 | BN2: 0.44557338 | BO2: 0.44749311 | BP2: 0.48027341 | BQ2: 0.51855326 | BR2: 0.58349003 | BS2: 0.71048556 | BT2: 0.84260716
A3: sarUC | B3: SAR | C3: 0.94308771 | D3: 0.94308771 | E3: 1 | F3: 0.77198297 | G3: 0.63774856 | H3: 0.71507719 | I3: 0.59720053 | J3: 0.48282146 | K3: 0.44942842 | L3: 0.32527404 | M3: 0.38320513 | N3: 0.43880425 | O3: 0.41506578 | P3: 0.36041231 | Q3: 0.3848099 | R3: 0.24122056 | S3: 0.33691881 | T3: 0.070601434 | U3: 0.19241402 | V3: 0.23567453 | W3: 0.0067704365 | X3: 0.10928078 | Y3: 0.12120633 | Z3: 0.12844999 | AA3: 0.28600091 | AB3: 0.08823304 | AC3: 0.099848856 | AD3: 0.02452141 | AE3: 0.20638836 | AF3: 0.033434108 | AG3: 0.19141398 | AH3: 0.094320619 | AI3: 0.10982852 | AJ3: 0.18526678 | AK3: 0.24483514 | AL3: 0.098494775 | AM3: 0.20234484 | AN3: 0.066345991 | AO3: 0.032047083 | AP3: 0.26352365 | AQ3: 0.27868742 | AR3: 0.088124186 | AS3: 0.064792617 | AT3: 0.34164176 | AU3: 0.010065921 | AV3: 0.19612167 | AW3: 0.23620862 | AX3: 0.15694992 | AY3: 0.084026054 | AZ3: 0.08144076 | BA3: 0.028110208 | BB3: 0.18750942 | BC3: 0.29056084 | BD3: 0.045931476 | BE3: 0.1015895 | BF3: 0.034961207 | BG3: 0.2149332 | BH3: 0.25292823 | BI3: 0.32466476 | BJ3: 0.35567393 | BK3: 0.46011004 | BL3: 0.23385607 | BM3: 0.39283061 | BN3: 0.52925376 | BO3: 0.57579176 | BP3: 0.32334278 | BQ3: 0.47193438 | BR3: 0.37955601 | BS3: 0.53018638 | BT3: 0.74945024
A4: sarSR | B4: SAR | C4: 0.92010686 | D4: 0.92010686 | E4: 0.77198297 | F4: 1 | G4: 0.80065199 | H4: 0.6064655 | I4: 0.46752453 | J4: 0.60691526 | K4: 0.52463197 | L4: 0.64081074 | M4: 0.70200504 | N4: 0.15556365 | O4: 0.13497178 | P4: 0.0053122242 | Q4: 0.13187797 | R4: 0.28724044 | S4: 0.21368895 | T4: 0.2955266 | U4: 0.2136546 | V4: 0.033366144 | W4: 0.35119467 | X4: 0.17341945 | Y4: 0.19355822 | Z4: 0.13726166 | AA4: 0.018706535 | AB4: 0.18393246 | AC4: 0.19626597 | AD4: 0.33126165 | AE4: 0.065233978 | AF4: 0.15380393 | AG4: 0.0095335304 | AH4: 0.27368978 | AI4: 0.28173676 | AJ4: 0.0033829515 | AK4: 0.16387814 | AL4: 0.0053879654 | AM4: 0.13910804 | AN4: 0.08845631 | AO4: 0.17572575 | AP4: 0.066518412 | AQ4: 0.052614264 | AR4: 0.19119621 | AS4: 0.24104035 | AT4: 0.063254678 | AU4: 0.36216791 | AV4: 0.15011274 | AW4: 0.098829214 | AX4: 0.18486371 | AY4: 0.25397842 | AZ4: 0.26980142 | BA4: 0.34294128 | BB4: 0.20776779 | BC4: 0.030190925 | BD4: 0.40073451 | BE4: 0.36374432 | BF4: 0.41773689 | BG4: 0.30826691 | BH4: 0.39111571 | BI4: 0.35979174 | BJ4: 0.27211167 | BK4: 0.28570283 | BL4: 0.46724516 | BM4: 0.33605929 | BN4: 0.2589368 | BO4: 0.18495572 | BP4: 0.51988636 | BQ4: 0.43250926 | BR4: 0.67486553 | BS4: 0.74658799 | BT4: 0.71088537
A5: X12_copepodBiomass_WGoA | B5: PreyAK | C5: 0.84260716 | D5: 0.84260716 | E5: 0.74945024 | F5: 0.71088537 | G5: 0.86323176 | H5: 0.71462635 | I5: 0.60763883 | J5: 0.74701669 | K5: 0.45565187 | L5: 0.46598103 | M5: 0.37849691 | N5: 0.38392965 | O5: 0.4548626 | P5: 0.47439657 | Q5: 0.16849903 | R5: 0.25888263 | S5: 0.21694727 | T5: 0.32286999 | U5: 0.067293775 | V5: 0.30005362 | W5: 0.23487711 | X5: 0.069987509 | Y5: 0.27360594 | Z5: 0.22173698 | AA5: 0.16659783 | AB5: 0.13511607 | AC5: 0.19578496 | AD5: 0.20291945 | AE5: 0.31012711 | AF5: 0.073849705 | AG5: 0.074926731 | AH5: 0.11388749 | AI5: 0.1079646 | AJ5: 0.10252038 | AK5: 0.067152719 | AL5: 0.11810635 | AM5: 0.018712477 | AN5: 0.18186485 | AO5: 0.16018568 | AP5: 0.10173932 | AQ5: 0.077558243 | AR5: 0.12900247 | AS5: 0.13564305 | AT5: 0.14085239 | AU5: 0.13447072 | AV5: 0.15526343 | AW5: 0.16292112 | AX5: 0.20998702 | AY5: 0.27523161 | AZ5: 0.12445545 | BA5: 0.19780385 | BB5: 0.14786607 | BC5: 0.18329541 | BD5: 0.28897223 | BE5: 0.12197524 | BF5: 0.38272719 | BG5: 0.21564143 | BH5: 0.39905624 | BI5: 0.25130846 | BJ5: 0.31920956 | BK5: 0.16119427 | BL5: 0.3115566 | BM5: 0.43812439 | BN5: 0.55078512 | BO5: 0.42095659 | BP5: 0.68416554 | BQ5: 0.51855281 | BR5: 0.57097962 | BS5: 0.66675348 | BT5: 1
A6: X01_habCompInd | B6: PreyNCC | C6: 0.81123825 | D6: 0.81123825 | E6: 0.63774856 | F6: 0.80065199 | G6: 1 | H6: 0.64929169 | I6: 0.50723278 | J6: 0.61111359 | K6: 0.62967756 | L6: 0.72962962 | M6: 0.55820429 | N6: 0.36204801 | O6: 0.20689998 | P6: 0.37015785 | Q6: 0.076310532 | R6: 0.41996555 | S6: 0.058346679 | T6: 0.5628884 | U6: 0.017740742 | V6: 0.013543048 | W6: 0.4187779 | X6: 0.34930617 | Y6: 0.46397362 | Z6: 0.37546695 | AA6: 0.25448479 | AB6: 0.087101995 | AC6: 0.18637185 | AD6: 0.40806048 | AE6: 0.019149037 | AF6: 0.32759691 | AG6: 0.11171888 | AH6: 0.53353375 | AI6: 0.5174425 | AJ6: 0.31712902 | AK6: 0.32594146 | AL6: 0.15615809 | AM6: 0.38028699 | AN6: 0.39340992 | AO6: 0.49243188 | AP6: 0.23873143 | AQ6: 0.31904234 | AR6: 0.40567562 | AS6: 0.47056799 | AT6: 0.24483905 | AU6: 0.55934414 | AV6: 0.23492983 | AW6: 0.016106848 | AX6: 0.2282779 | AY6: 0.57379794 | AZ6: 0.53459534 | BA6: 0.57768818 | BB6: 0.070269906 | BC6: 0.21002813 | BD6: 0.65630088 | BE6: 0.48367573 | BF6: 0.52496344 | BG6: 0.12810209 | BH6: 0.38330728 | BI6: 0.34979035 | BJ6: 0.3257275 | BK6: 0.017102687 | BL6: 0.64061306 | BM6: 0.19330255 | BN6: 0.33963577 | BO6: 0.071913959 | BP6: 0.740405 | BQ6: 0.60905881 | BR6: 0.70685882 | BS6: 0.88658667 | BT6: 0.86323176
A7: X10_Harbor_seal_CR_2yrLead | B7: PredAK | C7: 0.77112881 | D7: 0.77112881 | E7: 0.71507719 | F7: 0.6064655 | G7: 0.64929169 | H7: 1 | I7: 0.75071504 | J7: 0.47775614 | K7: 0.51516633 | L7: 0.46553991 | M7: 0.10095557 | N7: 0.54457565 | O7: 0.42176328 | P7: 0.54385891 | Q7: 0.45727959 | R7: 0.10633781 | S7: 0.20128179 | T7: 0.1770828 | U7: 0.25338106 | V7: 0.32051467 | W7: 0.024440433 | X7: 0.31270053 | Y7: 0.047369648 | Z7: 0.14961275 | AA7: 0.29403169 | AB7: 0.23120072 | AC7: 0.1327008 | AD7: 0.050844558 | AE7: 0.30923164 | AF7: 0.3317685 | AG7: 0.075537884 | AH7: 0.064372512 | AI7: 0.087103276 | AJ7: 0.1100729 | AK7: 0.19772711 | AL7: 0.018629744 | AM7: 0.23596187 | AN7: 0.052671812 | AO7: 0.07655642 | AP7: 0.29270439 | AQ7: 0.33194735 | AR7: 0.1201417 | AS7: 0.12757403 | AT7: 0.35833426 | AU7: 0.012477913 | AV7: 0.04525323 | AW7: 0.18795945 | AX7: 0.17586815 | AY7: 0.0070444449 | AZ7: 0.1802847 | BA7: 0.10353398 | BB7: 0.20024215 | BC7: 0.46553401 | BD7: 0.034937937 | BE7: 0.11876414 | BF7: 0.0013097702 | BG7: 0.19756136 | BH7: 0.0043490584 | BI7: 0.050880631 | BJ7: 0.5802405 | BK7: 0.28454425 | BL7: 0.23020789 | BM7: 0.51960458 | BN7: 0.29017469 | BO7: 0.58805773 | BP7: 0.25610424 | BQ7: 0.55272837 | BR7: 0.46108019 | BS7: 0.60948923 | BT7: 0.71462635
A8: X09_DFA_HakeAge5Plus | B8: PredNCC | C8: 0.71048556 | D8: 0.71048556 | E8: 0.53018638 | F8: 0.74658799 | G8: 0.88658667 | H8: 0.60948923 | I8: 0.63160128 | J8: 0.32366306 | K8: 0.72127645 | L8: 0.86117467 | M8: 0.66312791 | N8: 0.38776198 | O8: 0.13249891 | P8: 0.29382448 | Q8: 0.022408049 | R8: 0.58595513 | S8: 0.35240782 | T8: 0.55138659 | U8: 0.23028092 | V8: 0.14946658 | W8: 0.55600996 | X8: 0.43786345 | Y8: 0.26148129 | Z8: 0.5147843 | AA8: 0.28263252 | AB8: 0.2238697 | AC8: 0.12281975 | AD8: 0.16088578 | AE8: 0.2187917 | AF8: 0.5812041 | AG8: 0.16132867 | AH8: 0.57894935 | AI8: 0.47824274 | AJ8: 0.46073465 | AK8: 0.30752792 | AL8: 0.484756 | AM8: 0.34782183 | AN8: 0.18740388 | AO8: 0.4519368 | AP8: 0.10731714 | AQ8: 0.34309277 | AR8: 0.67132527 | AS8: 0.61384201 | AT8: 0.21031298 | AU8: 0.56162814 | AV8: 0.18898946 | AW8: 0.28729328 | AX8: 0.2514619 | AY8: 0.50929845 | AZ8: 0.65617601 | BA8: 0.71950182 | BB8: 0.049723859 | BC8: 0.38095657 | BD8: 0.58980369 | BE8: 0.62194927 | BF8: 0.28495595 | BG8: 0.032255668 | BH8: 0.082165173 | BI8: 0.21099168 | BJ8: 0.52944926 | BK8: 0.11263264 | BL8: 0.77586934 | BM8: 0.21492574 | BN8: 0.20436446 | BO8: 0.11916113 | BP8: 0.47313487 | BQ8: 0.74604838 | BR8: 0.50638711 | BS8: 1 | BT8: 0.66675348
A9: X11_Harbor_seal_CR | B9: PredNCC | C9: 0.62182069 | D9: 0.62182069 | E9: 0.59720053 | F9: 0.46752453 | G9: 0.50723278 | H9: 0.75071504 | I9: 1 | J9: 0.17491673 | K9: 0.57385975 | L9: 0.36639523 | M9: 0.27261659 | N9: 0.63461341 | O9: 0.47102365 | P9: 0.61213864 | Q9: 0.69984985 | R9: 0.47050988 | S9: 0.18515797 | T9: 0.27325017 | U9: 0.5562921 | V9: 0.26548166 | W9: 0.32550472 | X9: 0.20140919 | Y9: 0.14416842 | Z9: 0.39985406 | AA9: 0.38641865 | AB9: 0.353452 | AC9: 0.46078481 | AD9: 0.50691784 | AE9: 0.30366641 | AF9: 0.37551094 | AG9: 0.53987401 | AH9: 0.12533087 | AI9: 0.26548084 | AJ9: 0.0029223219 | AK9: 0.46903589 | AL9: 0.38241934 | AM9: 0.39006625 | AN9: 0.40138722 | AO9: 0.19452153 | AP9: 0.58186105 | AQ9: 0.33629097 | AR9: 0.46996172 | AS9: 0.22397163 | AT9: 0.49898833 | AU9: 0.17396598 | AV9: 0.023841256 | AW9: 0.17780923 | AX9: 0.40549781 | AY9: 0.10025895 | AZ9: 0.24126359 | BA9: 0.20701233 | BB9: 0.074667452 | BC9: 0.74495814 | BD9: 0.14734225 | BE9: 0.022646302 | BF9: 0.34073739 | BG9: 0.18732018 | BH9: 0.1491565 | BI9: 0.013432298 | BJ9: 0.81267808 | BK9: 0.34097336 | BL9: 0.34238977 | BM9: 0.64855157 | BN9: 0.34798535 | BO9: 0.77819031 | BP9: 0.026255474 | BQ9: 0.82345989 | BR9: 0.0042199833 | BS9: 0.63160128 | BT9: 0.60763883
A10: X02.krill | B10: PreyNCC | C10: 0.61674101 | D10: 0.61674101 | E10: 0.48282146 | F10: 0.60691526 | G10: 0.61111359 | H10: 0.47775614 | I10: 0.17491673 | J10: 1 | K10: 0.24341894 | L10: 0.17820236 | M10: 0.2563173 | N10: 0.13454387 | O10: 0.38770408 | P10: 0.087598694 | Q10: 0.015397536 | R10: 0.080669456 | S10: 0.5795961 | T10: 0.12330039 | U10: 0.031093021 | V10: 0.24156365 | W10: 0.10192784 | X10: 0.070083588 | Y10: 0.22308743 | Z10: 0.077193206 | AA10: 0.21104625 | AB10: 0.54725599 | AC10: 0.64963341 | AD10: 0.47062077 | AE10: 0.27699528 | AF10: 0.22220202 | AG10: 0.35168855 | AH10: 0.024724147 | AI10: 0.040989355 | AJ10: 0.24742347 | AK10: 0.015350734 | AL10: 0.51878906 | AM10: 0.078964755 | AN10: 0.19467259 | AO10: 0.048209059 | AP10: 0.048642827 | AQ10: 0.10816829 | AR10: 0.30545226 | AS10: 0.083007008 | AT10: 0.1395968 | AU10: 0.021195147 | AV10: 0.10170017 | AW10: 0.40133197 | AX10: 0.31096177 | AY10: 0.11723076 | AZ10: 0.1324648 | BA10: 0.043826574 | BB10: 0.066622271 | BC10: 0.29463642 | BD10: 0.1723966 | BE10: 0.079271251 | BF10: 0.59998609 | BG10: 0.44901902 | BH10: 0.47894931 | BI10: 0.25384749 | BJ10: 0.16127138 | BK10: 0.041956195 | BL10: 0.032578901 | BM10: 0.25294951 | BN10: 0.36550567 | BO10: 0.13716474 | BP10: 0.72557093 | BQ10: 0.0035460504 | BR10: 0.63720984 | BS10: 0.32366306 | BT10: 0.74701669
A11: X12_DFA_biomassEuphShelfSum | B11: PreyAK | C11: 0.58349003 | D11: 0.58349003 | E11: 0.37955601 | F11: 0.67486553 | G11: 0.70685882 | H11: 0.46108019 | I11: 0.0042199833 | J11: 0.63720984 | K11: 0.33520033 | L11: 0.64160397 | M11: 0.3505224 | N11: 0.23630366 | O11: 0.27202354 | P11: 0.077921857 | Q11: 0.38637966 | R11: 0.20857429 | S11: 0.25882371 | T11: 0.11723937 | U11: 0.31270343 | V11: 0.21170516 | W11: 0.2375884 | X11: 0.13337701 | Y11: 0.16547477 | Z11: 0.27073813 | AA11: 0.31795651 | AB11: 0.59654344 | AC11: 0.46456871 | AD11: 0.72830537 | AE11: 0.069551801 | AF11: 0.18860165 | AG11: 0.55482598 | AH11: 0.3868252 | AI11: 0.55677367 | AJ11: 0.11331565 | AK11: 0.51989059 | AL11: 0.35634988 | AM11: 0.49924138 | AN11: 0.43260196 | AO11: 0.26700018 | AP11: 0.49282287 | AQ11: 0.17501158 | AR11: 0.17484022 | AS11: 0.0082241574 | AT11: 0.45312166 | AU11: 0.5622486 | AV11: 0.096855109 | AW11: 0.42420065 | AX11: 0.23562792 | AY11: 0.29445448 | AZ11: 0.15399645 | BA11: 0.19228509 | BB11: 0.39070223 | BC11: 0.35867477 | BD11: 0.60341667 | BE11: 0.52887675 | BF11: 0.77360185 | BG11: 0.61891766 | BH11: 0.58318347 | BI11: 0.20303816 | BJ11: 0.13576035 | BK11: 0.021658553 | BL11: 0.20509322 | BM11: 0.15110266 | BN11: 0.1375353 | BO11: 0.2292786 | BP11: 0.65964222 | BQ11: 0.022446266 | BR11: 1 | BS11: 0.50638711 | BT11: 0.57097962
A12: X10_Northern_f_s_2yrLead_WS | B12: PredAK | C12: 0.54158758 | D12: 0.54158758 | E12: 0.44942842 | F12: 0.52463197 | G12: 0.62967756 | H12: 0.51516633 | I12: 0.57385975 | J12: 0.24341894 | K12: 1 | L12: 0.59286934 | M12: 0.49942782 | N12: 0.50539646 | O12: 0.072578225 | P12: 0.3933961 | Q12: 0.30207678 | R12: 0.37951788 | S12: 0.35688818 | T12: 0.39193202 | U12: 0.26842556 | V12: 0.10576588 | W12: 0.46866588 | X12: 0.52566873 | Y12: 0.1474251 | Z12: 0.25621509 | AA12: 0.16845319 | AB12: 0.1404422 | AC12: 0.078455209 | AD12: 0.11309936 | AE12: 0.083041236 | AF12: 0.39428376 | AG12: 0.1784283 | AH12: 0.24159175 | AI12: 0.1938364 | AJ12: 0.048523753 | AK12: 0.019569657 | AL12: 0.32091432 | AM12: 0.093354728 | AN12: 0.1491279 | AO12: 0.11519807 | AP12: 0.14002091 | AQ12: 0.049503853 | AR12: 0.42280373 | AS12: 0.35346288 | AT12: 0.0017681464 | AU12: 0.27888385 | AV12: 0.078853108 | AW12: 0.023698896 | AX12: 0.3608278 | AY12: 0.16993216 | AZ12: 0.56113697 | BA12: 0.41674561 | BB12: 0.1025338 | BC12: 0.50251976 | BD12: 0.26046801 | BE12: 0.33980952 | BF12: 0.081095296 | BG12: 0.081559983 | BH12: 0.19258595 | BI12: 0.34664921 | BJ12: 0.51253593 | BK12: 0.33472308 | BL12: 0.48521292 | BM12: 0.31768143 | BN12: 0.094749733 | BO12: 0.24669206 | BP12: 0.16215664 | BQ12: 0.62201977 | BR12: 0.33520033 | BS12: 0.72127645 | BT12: 0.45565187
A13: X08_commonMurre_JSOES | B13: PredNCC | C13: 0.52811689 | D13: 0.52811689 | E13: 0.32527404 | F13: 0.64081074 | G13: 0.72962962 | H13: 0.46553991 | I13: 0.36639523 | J13: 0.17820236 | K13: 0.59286934 | L13: 1 | M13: 0.68756462 | N13: 0.047483394 | O13: 0.20381823 | P13: 0.096217681 | Q13: 0.18463099 | R13: 0.30277326 | S13: 0.36572767 | T13: 0.3766395 | U13: 0.062617164 | V13: 0.13632098 | W13: 0.5192452 | X13: 0.40364345 | Y13: 0.10655015 | Z13: 0.24696333 | AA13: 0.41744603 | AB13: 0.077008309 | AC13: 0.16709882 | AD13: 0.34051423 | AE13: 0.28086897 | AF13: 0.64255137 | AG13: 0.035028041 | AH13: 0.62723313 | AI13: 0.61073534 | AJ13: 0.58305213 | AK13: 0.52227596 | AL13: 0.36894696 | AM13: 0.52107524 | AN13: 0.28405852 | AO13: 0.42756632 | AP13: 0.28163979 | AQ13: 0.36398103 | AR13: 0.49303337 | AS13: 0.47235649 | AT13: 0.44097782 | AU13: 0.67946291 | AV13: 0.00045592183 | AW13: 0.10091302 | AX13: 0.076776029 | AY13: 0.44585557 | AZ13: 0.5671184 | BA13: 0.63286326 | BB13: 0.20137254 | BC13: 0.12506726 | BD13: 0.64675306 | BE13: 0.78811163 | BF13: 0.38096408 | BG13: 0.2373446 | BH13: 0.077242708 | BI13: 0.035332562 | BJ13: 0.41264465 | BK13: 0.16095183 | BL13: 0.67021852 | BM13: 0.16568766 | BN13: 0.10526693 | BO13: 0.099155557 | BP13: 0.39459738 | BQ13: 0.47236388 | BR13: 0.64160397 | BS13: 0.86117467 | BT13: 0.46598103
... A70: X05_herring_GAM | B70: PreyNCC | C70: 0.027739379 | D70: 0.027739379 | E70: 0.066345991 | F70: 0.08845631 | G70: 0.39340992 | H70: 0.052671812 | I70: 0.40138722 | J70: 0.19467259 | K70: 0.1491279 | L70: 0.28405852 | M70: 0.052119485 | N70: 0.084590899 | O70: 0.049119875 | P70: 0.039909971 | Q70: 0.71644422 | R70: 0.13707944 | S70: 0.013554698 | T70: 0.43268474 | U70: 0.50537805 | V70: 0.43270008 | W70: 0.1713103 | X70: 0.25032766 | Y70: 0.71185632 | Z70: 0.29945069 | AA70: 0.64214983 | AB70: 0.24555597 | AC70: 0.28814225 | AD70: 0.80438751 | AE70: 0.45060175 | AF70: 0.02914649 | AG70: 0.5296287 | AH70: 0.73627283 | AI70: 0.78760694 | AJ70: 0.49116504 | AK70: 0.78715814 | AL70: 0.04698335 | AM70: 0.72598526 | AN70: 1 | AO70: 0.83583154 | AP70: 0.82437807 | AQ70: 0.74998968 | AR70: 0.16135075 | AS70: 0.48182789 | AT70: 0.70053863 | AU70: 0.73589415 | AV70: 0.43594562 | AW70: 0.014089551 | AX70: 0.15669078 | AY70: 0.82384215 | AZ70: 0.42098176 | BA70: 0.49956103 | BB70: 0.20675888 | BC70: 0.2481459 | BD70: 0.78576996 | BE70: 0.41513234 | BF70: 0.62839996 | BG70: 0.023727737 | BH70: 0.21435537 | BI70: 0.19688001 | BJ70: 0.24397285 | BK70: 0.4004843 | BL70: 0.4482323 | BM70: 0.58755205 | BN70: 0.2127887 | BO70: 0.65385388 | BP70: 0.69015325 | BQ70: 0.032499115 | BR70: 0.43260196 | BS70: 0.18740388 | BT70: 0.18186485
